trade_id,entry_time,entry_price,exit_time,exit_price,holding_duration_hours,dollar_pnl,percentage_return
1,2026-01-03 16:59:59,90105.24,2026-01-04 16:59:59,91321.0,24.0,1215.7599999999948,1.3492667019143334
2,2026-01-05 00:59:59,92405.46,2026-01-06 04:59:59,93801.07,28.0,1395.6100000000006,1.5103111872393693
3,2026-01-06 15:59:59,93648.99,2026-01-06 16:59:59,92692.32,1.0,-956.6699999999983,-1.0215486573854116
4,2026-01-07 02:59:59,92949.77,2026-01-07 03:59:59,92815.83,1.0,-133.94000000000233,-0.1440993345115349
5,2026-01-08 18:59:59,91117.35,2026-01-09 08:59:59,90033.52,14.0,-1083.8300000000017,-1.1894880612748304
6,2026-01-09 17:59:59,91422.23,2026-01-09 22:59:59,90630.08,5.0,-792.1499999999942,-0.866474160606227
7,2026-01-10 10:59:59,90828.0,2026-01-10 17:59:59,90544.96,7.0,-283.0399999999936,-0.31162196679437354
8,2026-01-11 04:59:59,90785.48,2026-01-11 22:59:59,90526.02,18.0,-259.45999999999185,-0.2857946006343656
9,2026-01-12 01:59:59,91412.44,2026-01-12 11:59:59,90620.96,10.0,-791.4799999999959,-0.865834015589121
10,2026-01-12 18:59:59,91691.8,2026-01-14 12:59:59,95077.56,42.0,3385.7599999999948,3.6925439352264813
11,2026-01-14 14:59:59,96493.15,2026-01-15 04:59:59,96316.27,14.0,-176.8799999999901,-0.18330834883096894
12,2026-01-15 12:59:59,96981.65,2026-01-15 18:59:59,95835.0,6.0,-1146.6499999999942,-1.1823370709819787
13,2026-01-16 11:59:59,95429.09,2026-01-16 12:59:59,95458.55,1.0,29.460000000006403,0.03087108972746822
14,2026-01-16 23:59:59,95550.94,2026-01-17 09:59:59,95260.65,10.0,-290.29000000000815,-0.30380653502729343
15,2026-01-17 15:59:59,95573.64,2026-01-17 23:59:59,95147.77,8.0,-425.86999999999534,-0.4455935758018585
16,2026-01-18 13:59:59,95146.82,2026-01-18 15:59:59,95119.28,2.0,-27.54000000000815,-0.028944740349712315
17,2026-01-18 18:59:59,95439.6,2026-01-18 23:59:59,93673.14,5.0,-1766.4600000000064,-1.8508669357373733
18,2026-01-19 16:59:59,93301.86,2026-01-19 23:59:59,92631.0,7.0,-670.8600000000006,-0.7190210355935032
19,2026-01-21 08:59:59,89197.35,2026-01-21 11:59:59,88789.99,3.0,-407.3600000000006,-0.45669518208780924
20,2026-01-21 15:59:59,90288.04,2026-01-21 16:59:59,87602.4,1.0,-2685.6399999999994,-2.974524643574054
21,2026-01-21 22:59:59,89763.51,2026-01-22 12:59:59,90021.09,14.0,257.58000000000175,0.2869540195119395
22,2026-01-23 03:59:59,89924.78,2026-01-23 09:59:59,88977.72,6.0,-947.0599999999977,-1.0531691042224376
23,2026-01-23 17:59:59,90600.0,2026-01-24 01:59:59,89550.24,8.0,-1049.7599999999948,-1.158675496688736
24,2026-01-26 06:59:59,87937.44,2026-01-26 20:59:59,87629.22,14.0,-308.22000000000116,-0.35049917304847755
25,2026-01-26 21:59:59,88064.69,2026-01-27 10:59:59,87786.53,13.0,-278.1600000000035,-0.315858717040852
26,2026-01-27 20:59:59,89396.16,2026-01-28 22:59:59,89396.15,26.0,-0.010000000009313226,-1.1186162816516086e-05
27,2026-01-30 16:59:59,83149.0,2026-01-31 08:59:59,83074.07,16.0,-74.92999999999302,-0.0901153351212799
28,2026-02-01 09:59:59,79034.45,2026-02-01 14:59:59,78211.12,5.0,-823.3300000000017,-1.0417355975780205
29,2026-02-02 11:59:59,77759.99,2026-02-03 06:59:59,78594.17,19.0,834.179999999993,1.0727624836371417
30,2026-02-03 08:59:59,78747.96,2026-02-03 09:59:59,78400.01,1.0,-347.95000000001164,-0.44185271593068776
31,2026-02-04 06:59:59,76652.68,2026-02-04 13:59:59,74867.0,7.0,-1785.679999999993,-2.329572821198154
32,2026-02-06 09:59:59,65799.55,2026-02-07 07:59:59,68087.14,22.0,2287.5899999999965,3.476604323281841
33,2026-02-07 20:59:59,69631.18,2026-02-09 01:59:59,70369.53,29.0,738.3500000000058,1.0603726663830857
34,2026-02-09 07:59:59,70422.59,2026-02-09 08:59:59,69873.99,1.0,-548.5999999999913,-0.7790113939291232
35,2026-02-09 19:59:59,70957.01,2026-02-10 05:59:59,69447.64,10.0,-1509.3699999999953,-2.127161220575663
36,2026-02-10 19:59:59,69062.01,2026-02-10 23:59:59,68841.29,4.0,-220.72000000000116,-0.3195968376825424
37,2026-02-11 21:59:59,67811.17,2026-02-12 09:59:59,67550.47,12.0,-260.6999999999971,-0.3844499364927594
38,2026-02-12 11:59:59,68076.01,2026-02-12 17:59:59,65413.99,6.0,-2662.019999999997,-3.9103643118919527
39,2026-02-13 06:59:59,66359.28,2026-02-15 02:59:59,69480.01,44.0,3120.729999999996,4.702778571437176
40,2026-02-15 05:59:59,70267.61,2026-02-15 13:59:59,68930.0,8.0,-1337.6100000000006,-1.903593988752429
41,2026-02-16 09:59:59,68992.71,2026-02-16 15:59:59,67539.52,6.0,-1453.1900000000023,-2.106294998413604
42,2026-02-17 00:59:59,68878.27,2026-02-17 08:59:59,68177.53,8.0,-700.7400000000052,-1.0173600469349844
43,2026-02-18 06:59:59,67850.52,2026-02-18 14:59:59,67223.76,8.0,-626.7600000000093,-0.9237364724692004
44,2026-02-19 06:59:59,67150.12,2026-02-19 13:59:59,65913.37,7.0,-1236.75,-1.8417688605768687
45,2026-02-19 21:59:59,66916.51,2026-02-20 15:59:59,67582.95,18.0,666.4400000000023,0.9959276118853215
46,2026-02-20 19:59:59,67646.03,2026-02-22 00:59:59,67946.0,29.0,299.97000000000116,0.44344065719747505
47,2026-02-23 13:59:59,66132.66,2026-02-23 18:59:59,64635.49,5.0,-1497.1700000000055,-2.2638889770954402
48,2026-02-24 17:59:59,64219.71,2026-02-26 07:59:59,67825.04,38.0,3605.3299999999945,5.61405524877019
49,2026-02-27 05:59:59,67724.99,2026-02-27 11:59:59,66126.99,6.0,-1598.0,-2.3595426149195444
50,2026-02-28 03:59:59,65797.42,2026-02-28 06:59:59,63216.01,3.0,-2581.409999999996,-3.9232693318370178
51,2026-02-28 17:59:59,65442.62,2026-03-01 10:59:59,66467.06,17.0,1024.439999999995,1.5654018741914597
52,2026-03-02 04:59:59,66862.12,2026-03-02 13:59:59,65440.01,9.0,-1422.1099999999933,-2.126929268769811
53,2026-03-02 15:59:59,69130.2,2026-03-03 06:59:59,68106.73,15.0,-1023.4700000000012,-1.4804962230689354
54,2026-03-03 19:59:59,68435.0,2026-03-05 04:59:59,72815.7,33.0,4380.699999999997,6.401256666910203
55,2026-03-05 13:59:59,72467.79,2026-03-05 16:59:59,71305.92,3.0,-1161.8699999999953,-1.6032916141088274
56,2026-03-08 10:59:59,67904.14,2026-03-08 16:59:59,66872.15,6.0,-1031.9900000000052,-1.5197747884002437
57,2026-03-09 06:59:59,67267.18,2026-03-10 21:59:59,69763.01,39.0,2495.8300000000017,3.7103235188393535
58,2026-03-11 15:59:59,70227.91,2026-03-12 02:59:59,69286.56,11.0,-941.3500000000058,-1.3404214933920229
59,2026-03-12 12:59:59,70381.8,2026-03-13 19:59:59,71189.95,31.0,808.1499999999942,1.1482371863180456
60,2026-03-14 21:59:59,70799.99,2026-03-15 19:59:59,71549.94,22.0,749.9499999999971,1.0592515620411769
61,2026-03-15 21:59:59,72109.58,2026-03-17 08:59:59,74188.38,35.0,2078.800000000003,2.8828347079542036
62,2026-03-17 19:59:59,74512.17,2026-03-18 03:59:59,74446.14,8.0,-66.02999999999884,-0.08861639648932361
63,2026-03-19 22:59:59,70183.99,2026-03-20 14:59:59,69731.21,16.0,-452.77999999999884,-0.6451328857193768
64,2026-03-21 00:59:59,70682.19,2026-03-21 16:59:59,70301.66,16.0,-380.52999999999884,-0.5383675859505751
65,2026-03-23 07:59:59,68333.16,2026-03-24 04:59:59,70372.44,21.0,2039.2799999999988,2.9843197651037925
66,2026-03-24 09:59:59,71316.97,2026-03-24 15:59:59,69873.04,6.0,-1443.9300000000076,-2.0246653776794044
67,2026-03-25 01:59:59,70677.18,2026-03-25 18:59:59,70810.34,17.0,133.1600000000035,0.18840593243816958
68,2026-03-28 03:59:59,66240.0,2026-03-29 01:59:59,66569.22,22.0,329.22000000000116,0.4970108695652191
69,2026-03-29 07:59:59,66671.0,2026-03-29 08:59:59,66724.0,1.0,53.0,0.07949483283586567
70,2026-03-30 04:59:59,67616.29,2026-03-30 18:59:59,66653.46,14.0,-962.8299999999872,-1.4239615926871871
71,2026-03-31 03:59:59,67704.74,2026-03-31 10:59:59,66363.38,7.0,-1341.3600000000006,-1.981190681775014
72,2026-03-31 18:59:59,67854.05,2026-04-01 20:59:59,68191.09,26.0,337.0399999999936,0.4967131659790294
73,2026-04-02 18:59:59,66981.99,2026-04-03 04:59:59,66602.66,10.0,-379.33000000000175,-0.5663164083360344
74,2026-04-03 10:59:59,66883.08,2026-04-05 03:59:59,67145.98,41.0,262.8999999999942,0.39307400317089786
75,2026-04-05 17:59:59,67373.64,2026-04-06 23:59:59,68853.66,30.0,1480.020000000004,2.1967345092234947
76,2026-04-07 20:59:59,69319.39,2026-04-08 15:59:59,71310.0,19.0,1990.6100000000006,2.8716496206905466
77,2026-04-09 10:59:59,71276.45,2026-04-10 07:59:59,71481.85,21.0,205.40000000000873,0.2881737235791187
78,2026-04-10 13:59:59,72321.4,2026-04-11 05:59:59,72722.28,16.0,400.88000000000466,0.5543034288606203
79,2026-04-11 16:59:59,73034.33,2026-04-12 01:59:59,71643.69,9.0,-1390.6399999999994,-1.9040908569983452
80,2026-04-13 05:59:59,70878.82,2026-04-13 06:59:59,71017.66,1.0,138.8399999999965,0.19588362221605338
81,2026-04-13 14:59:59,72400.15,2026-04-14 20:59:59,74102.29,30.0,1702.1399999999994,2.3510172285554654
82,2026-04-15 19:59:59,75002.6,2026-04-16 10:59:59,74313.0,15.0,-689.6000000000058,-0.9194347929271863
83,2026-04-16 20:59:59,75223.47,2026-04-18 04:59:59,77100.74,32.0,1877.270000000004,2.4955908043061616
84,2026-04-19 15:59:59,75846.63,2026-04-19 19:59:59,74965.47,4.0,-881.1600000000035,-1.161765526035901
85,2026-04-20 09:59:59,75062.77,2026-04-21 06:59:59,75974.11,21.0,911.3399999999965,1.214103875996045
86,2026-04-21 08:59:59,76507.21,2026-04-21 16:59:59,75781.18,8.0,-726.0300000000134,-0.9489693847155234
87,2026-04-22 01:59:59,76297.99,2026-04-23 00:59:59,78424.29,23.0,2126.2999999999884,2.786836193194589
88,2026-04-23 17:59:59,77769.21,2026-04-23 21:59:59,77864.83,4.0,95.61999999999534,0.12295354421112846
89,2026-04-23 23:59:59,78257.48,2026-04-24 06:59:59,77789.75,7.0,-467.7299999999959,-0.597680886223267
90,2026-04-24 15:59:59,78038.62,2026-04-24 18:59:59,77618.24,3.0,-420.3799999999901,-0.5386820012962686
91,2026-04-25 10:59:59,77787.77,2026-04-25 16:59:59,77397.27,6.0,-390.5,-0.5020069350233333
92,2026-04-26 02:59:59,77512.67,2026-04-27 07:59:59,77606.6,29.0,93.93000000000757,0.12118018899362848
93,2026-04-29 00:59:59,76512.0,2026-04-29 16:59:59,75803.54,16.0,-708.4600000000064,-0.9259462567963278
94,2026-04-30 10:59:59,76028.66,2026-05-02 06:59:59,78327.8,44.0,2299.1399999999994,3.0240438276828754
95,2026-05-02 11:59:59,78143.08,2026-05-02 12:59:59,78211.24,1.0,68.16000000000349,0.08722461413090384
96,2026-05-02 13:59:59,78367.06,2026-05-03 04:59:59,78163.19,15.0,-203.86999999999534,-0.26014756710280484
97,2026-05-03 11:59:59,78656.01,2026-05-04 12:59:59,78857.18,25.0,201.16999999999825,0.2557592229760933
98,2026-05-04 17:59:59,80390.81,2026-05-06 02:59:59,81363.54,33.0,972.7299999999959,1.2100014914640067
99,2026-05-06 06:59:59,81476.71,2026-05-06 18:59:59,81353.14,12.0,-123.57000000000698,-0.15166297215487343
100,2026-05-08 11:59:59,80231.22,2026-05-10 09:59:59,80807.96,46.0,576.7400000000052,0.7188473514424998
101,2026-05-10 11:59:59,80821.21,2026-05-11 05:59:59,80832.33,18.0,11.119999999995343,0.013758764561920492
102,2026-05-11 16:59:59,81575.85,2026-05-12 03:59:59,81058.8,11.0,-517.0500000000029,-0.6338272907974638
103,2026-05-12 23:59:59,80504.47,2026-05-13 12:59:59,80202.78,13.0,-301.6900000000023,-0.3747493772706066
104,2026-05-14 06:59:59,79804.71,2026-05-15 05:59:59,80360.01,23.0,555.2999999999884,0.695823592366902
105,2026-05-16 23:59:59,78148.05,2026-05-17 01:59:59,77725.71,2.0,-422.3399999999965,-0.5404357498363638
106,2026-05-17 09:59:59,78249.33,2026-05-17 18:59:59,78268.05,9.0,18.720000000001164,0.023923527524134923
107,2026-05-17 21:59:59,78405.72,2026-05-17 23:59:59,77457.67,2.0,-948.0500000000029,-1.2091592297092648
108,2026-05-18 23:59:59,77001.87,2026-05-19 13:59:59,76872.75,14.0,-129.11999999999534,-0.1676842393567784
109,2026-05-19 21:59:59,76982.34,2026-05-19 22:59:59,76712.21,1.0,-270.1299999999901,-0.35089866065384623
110,2026-05-20 00:59:59,76788.83,2026-05-20 02:59:59,76690.42,2.0,-98.41000000000349,-0.1281566602851007
111,2026-05-20 05:59:59,77196.99,2026-05-21 10:59:59,77198.08,29.0,1.0899999999965075,0.0014119721507231142
112,2026-05-21 21:59:59,77672.29,2026-05-22 08:59:59,77267.38,11.0,-404.90999999998894,-0.5213056033238996
113,2026-05-23 17:59:59,75488.18,2026-05-24 16:59:59,76671.7,23.0,1183.520000000004,1.5678216112774268
114,2026-05-25 02:59:59,77108.77,2026-05-25 22:59:59,77116.21,20.0,7.440000000002328,0.009648707922590812
115,2026-05-26 13:59:59,77231.56,2026-05-26 17:59:59,75935.08,4.0,-1296.479999999996,-1.6786919751459066
116,2026-05-27 11:59:59,75769.18,2026-05-27 12:59:59,75688.0,1.0,-81.17999999999302,-0.10714118854129479
117,2026-05-28 20:59:59,73579.99,2026-05-29 12:59:59,73295.73,16.0,-284.2600000000093,-0.38632785897362765
118,2026-05-29 18:59:59,73374.52,2026-05-29 22:59:59,73483.52,4.0,109.0,0.14855293090844068
119,2026-05-30 03:59:59,73524.01,2026-05-30 07:59:59,73548.6,4.0,24.59000000001106,0.03344485699298917
120,2026-05-30 10:59:59,73655.85,2026-05-31 09:59:59,73841.79,23.0,185.93999999998778,0.252444306867666
121,2026-06-01 00:59:59,73885.0,2026-06-01 01:59:59,73292.92,1.0,-592.0800000000017,-0.8013534546931066
122,2026-06-01 02:59:59,73790.0,2026-06-01 03:59:59,73769.06,1.0,-20.94000000000233,-0.028377828974118887
123,2026-06-03 09:59:59,67075.17,2026-06-03 16:59:59,66061.83,7.0,-1013.3399999999965,-1.5107527867614745
124,2026-06-04 16:59:59,63563.51,2026-06-04 21:59:59,63286.21,5.0,-277.3000000000029,-0.43625658809591056
125,2026-06-04 22:59:59,63735.43,2026-06-05 02:59:59,62617.72,4.0,-1117.7099999999991,-1.75367138811176
126,2026-06-06 01:59:59,61058.95,2026-06-06 03:59:59,60687.04,2.0,-371.9099999999962,-0.6090998944462626
127,2026-06-06 10:59:59,60593.0,2026-06-06 12:59:59,61030.63,2.0,437.6299999999974,0.7222451438284907
128,2026-06-07 01:59:59,61479.75,2026-06-07 17:59:59,62160.01,16.0,680.260000000002,1.1064781493093288
129,2026-06-08 00:59:59,63631.42,2026-06-08 23:59:59,63085.99,23.0,-545.4300000000003,-0.8571708756460257
130,2026-06-10 14:59:59,62195.99,2026-06-10 23:59:59,61510.99,9.0,-685.0,-1.1013571775286477
131,2026-06-11 03:59:59,62689.48,2026-06-12 08:59:59,63470.81,29.0,781.3299999999945,1.2463494672471274
132,2026-06-12 12:59:59,63465.51,2026-06-12 23:59:59,63580.01,11.0,114.5,0.18041295185369188
133,2026-06-13 05:59:59,63584.03,2026-06-13 07:59:59,63846.0,2.0,261.97000000000116,0.4120059706816337
134,2026-06-13 08:59:59,63806.0,2026-06-14 14:59:59,63983.55,30.0,177.5500000000029,0.27826536689340015
135,2026-06-14 22:59:59,65426.78,2026-06-16 00:59:59,66250.0,26.0,823.2200000000012,1.2582309568039283
136,2026-06-16 10:59:59,66514.0,2026-06-16 15:59:59,65859.76,5.0,-654.2400000000052,-0.9836124725621752
137,2026-06-17 06:59:59,65624.0,2026-06-17 07:59:59,65539.5,1.0,-84.5,-0.12876386687797148
138,2026-06-17 17:59:59,66104.08,2026-06-17 21:59:59,64257.77,4.0,-1846.310000000005,-2.7930348625985033
139,2026-06-19 15:59:59,63214.01,2026-06-21 12:59:59,64200.0,45.0,985.989999999998,1.5597649951331958
140,2026-06-22 05:59:59,64247.74,2026-06-22 21:59:59,64320.57,16.0,72.83000000000175,0.11335807298435985
141,2026-06-24 00:59:59,63014.0,2026-06-24 12:59:59,62618.31,12.0,-395.6900000000023,-0.6279398228965029
142,2026-06-25 04:59:59,61357.63,2026-06-25 13:59:59,58290.17,9.0,-3067.459999999999,-4.999313043870826
143,2026-06-26 06:59:59,60324.0,2026-06-26 13:59:59,60175.43,7.0,-148.5699999999997,-0.24628671838737437
144,2026-06-26 17:59:59,60023.97,2026-06-26 21:59:59,59918.7,4.0,-105.27000000000407,-0.17537993571568836
145,2026-06-27 00:59:59,60059.07,2026-06-27 21:59:59,60203.82,21.0,144.75,0.24101272297423187
146,2026-06-28 11:59:59,60342.0,2026-06-28 15:59:59,59890.0,4.0,-452.0,-0.7490636704119851
147,2026-06-29 05:59:59,60102.8,2026-06-29 16:59:59,59892.86,11.0,-209.94000000000233,-0.3493015300451931
148,2026-06-29 19:59:59,60433.49,2026-06-30 03:59:59,59627.48,8.0,-806.0099999999948,-1.3337141376412232
149,2026-07-01 03:59:59,59197.13,2026-07-01 11:59:59,58622.03,8.0,-575.0999999999985,-0.9714998007504732
150,2026-07-01 13:59:59,59498.03,2026-07-03 02:59:59,61440.01,37.0,1941.9800000000032,3.2639399993579676
151,2026-07-03 08:59:59,61584.0,2026-07-04 10:59:59,62513.0,26.0,929.0,1.508508703559366
152,2026-07-04 15:59:59,62943.29,2026-07-05 04:59:59,62815.99,13.0,-127.30000000000291,-0.20224554515660514
153,2026-07-05 22:59:59,63736.0,2026-07-06 08:59:59,62904.01,10.0,-831.989999999998,-1.3053690222166405
154,2026-07-06 18:59:59,63696.4,2026-07-07 06:59:59,63340.0,12.0,-356.40000000000146,-0.5595292669601445
155,2026-07-07 16:59:59,63983.27,2026-07-08 01:59:59,63038.01,9.0,-945.2599999999948,-1.4773549398147279
156,2026-07-08 22:59:59,62330.4,2026-07-09 03:59:59,61974.34,5.0,-356.06000000000495,-0.5712461335078949
157,2026-07-09 04:59:59,62453.74,2026-07-10 18:59:59,63810.0,38.0,1356.260000000002,2.171623348737805
158,2026-07-11 03:59:59,64150.42,2026-07-12 00:59:59,63828.47,21.0,-321.9499999999971,-0.5018673299410933
159,2026-07-12 15:59:59,64176.0,2026-07-13 00:59:59,64072.01,9.0,-103.98999999999796,-0.16203876838693276
160,2026-07-14 03:59:59,62572.89,2026-07-15 11:59:59,64732.15,32.0,2159.260000000002,3.4507915488640557
161,2026-07-15 12:59:59,65164.0,2026-07-15 22:59:59,64866.93,10.0,-297.0699999999997,-0.4558805475415869
